"driverId","driver_name","driver_dob","driver_nationality","driver_url"
1,"hamilton",1985-01-07,"British","http://en.wikipedia.org/wiki/Lewis_Hamilton"
2,"heidfeld",1977-05-10,"German","http://en.wikipedia.org/wiki/Nick_Heidfeld"
3,"rosberg",1985-06-27,"German","http://en.wikipedia.org/wiki/Nico_Rosberg"
4,"alonso",1981-07-29,"Spanish","http://en.wikipedia.org/wiki/Fernando_Alonso"
5,"kovalainen",1981-10-19,"Finnish","http://en.wikipedia.org/wiki/Heikki_Kovalainen"
6,"nakajima",1985-01-11,"Japanese","http://en.wikipedia.org/wiki/Kazuki_Nakajima"
7,"bourdais",1979-02-28,"French","http://en.wikipedia.org/wiki/S%C3%A9bastien_Bourdais"
8,"raikkonen",1979-10-17,"Finnish","http://en.wikipedia.org/wiki/Kimi_R%C3%A4ikk%C3%B6nen"
9,"kubica",1984-12-07,"Polish","http://en.wikipedia.org/wiki/Robert_Kubica"
10,"glock",1982-03-18,"German","http://en.wikipedia.org/wiki/Timo_Glock"
11,"sato",1977-01-28,"Japanese","http://en.wikipedia.org/wiki/Takuma_Sato"
12,"piquet_jr",1985-07-25,"Brazilian","http://en.wikipedia.org/wiki/Nelson_Piquet,_Jr."
13,"massa",1981-04-25,"Brazilian","http://en.wikipedia.org/wiki/Felipe_Massa"
14,"coulthard",1971-03-27,"British","http://en.wikipedia.org/wiki/David_Coulthard"
15,"trulli",1974-07-13,"Italian","http://en.wikipedia.org/wiki/Jarno_Trulli"
16,"sutil",1983-01-11,"German","http://en.wikipedia.org/wiki/Adrian_Sutil"
17,"webber",1976-08-27,"Australian","http://en.wikipedia.org/wiki/Mark_Webber"
18,"button",1980-01-19,"British","http://en.wikipedia.org/wiki/Jenson_Button"
19,"davidson",1979-04-18,"British","http://en.wikipedia.org/wiki/Anthony_Davidson"
20,"vettel",1987-07-03,"German","http://en.wikipedia.org/wiki/Sebastian_Vettel"
21,"fisichella",1973-01-14,"Italian","http://en.wikipedia.org/wiki/Giancarlo_Fisichella"
22,"barrichello",1972-05-23,"Brazilian","http://en.wikipedia.org/wiki/Rubens_Barrichello"
23,"ralf_schumacher",1975-06-30,"German","http://en.wikipedia.org/wiki/Ralf_Schumacher"
24,"liuzzi",1980-08-06,"Italian","http://en.wikipedia.org/wiki/Vitantonio_Liuzzi"
25,"wurz",1974-02-15,"Austrian","http://en.wikipedia.org/wiki/Alexander_Wurz"
26,"speed",1983-01-24,"American","http://en.wikipedia.org/wiki/Scott_Speed"
27,"albers",1979-04-16,"Dutch","http://en.wikipedia.org/wiki/Christijan_Albers"
28,"markus_winkelhock",1980-06-13,"German","http://en.wikipedia.org/wiki/Markus_Winkelhock"
29,"yamamoto",1982-07-09,"Japanese","http://en.wikipedia.org/wiki/Sakon_Yamamoto"
30,"michael_schumacher",1969-01-03,"German","http://en.wikipedia.org/wiki/Michael_Schumacher"
31,"montoya",1975-09-20,"Colombian","http://en.wikipedia.org/wiki/Juan_Pablo_Montoya"
32,"klien",1983-02-07,"Austrian","http://en.wikipedia.org/wiki/Christian_Klien"
33,"monteiro",1976-07-24,"Portuguese","http://en.wikipedia.org/wiki/Tiago_Monteiro"
34,"ide",1975-01-21,"Japanese","http://en.wikipedia.org/wiki/Yuji_Ide"
35,"villeneuve",1971-04-09,"Canadian","http://en.wikipedia.org/wiki/Jacques_Villeneuve"
36,"montagny",1978-01-05,"French","http://en.wikipedia.org/wiki/Franck_Montagny"
37,"rosa",1971-02-24,"Spanish","http://en.wikipedia.org/wiki/Pedro_de_la_Rosa"
38,"doornbos",1981-09-23,"Dutch","http://en.wikipedia.org/wiki/Robert_Doornbos"
39,"karthikeyan",1977-01-14,"Indian","http://en.wikipedia.org/wiki/Narain_Karthikeyan"
40,"friesacher",1980-09-26,"Austrian","http://en.wikipedia.org/wiki/Patrick_Friesacher"
41,"zonta",1976-03-23,"Brazilian","http://en.wikipedia.org/wiki/Ricardo_Zonta"
42,"pizzonia",1980-09-11,"Brazilian","http://en.wikipedia.org/wiki/Ant%C3%B4nio_Pizzonia"
43,"matta",1973-09-19,"Brazilian","http://en.wikipedia.org/wiki/Cristiano_da_Matta"
44,"panis",1966-09-02,"French","http://en.wikipedia.org/wiki/Olivier_Panis"
45,"pantano",1979-02-04,"Italian","http://en.wikipedia.org/wiki/Giorgio_Pantano"
46,"bruni",1981-05-30,"Italian","http://en.wikipedia.org/wiki/Gianmaria_Bruni"
47,"baumgartner",1981-01-01,"Hungarian","http://en.wikipedia.org/wiki/Zsolt_Baumgartner"
48,"gene",1974-03-29,"Spanish","http://en.wikipedia.org/wiki/Marc_Gen%C3%A9"
49,"frentzen",1967-05-18,"German","http://en.wikipedia.org/wiki/Heinz-Harald_Frentzen"
50,"verstappen",1972-03-04,"Dutch","http://en.wikipedia.org/wiki/Jos_Verstappen"
51,"wilson",1978-07-31,"British","http://en.wikipedia.org/wiki/Justin_Wilson_(racing_driver)"
52,"firman",1975-05-20,"Irish","http://en.wikipedia.org/wiki/Ralph_Firman"
53,"kiesa",1978-03-03,"Danish","http://en.wikipedia.org/wiki/Nicolas_Kiesa"
54,"burti",1975-03-05,"Brazilian","http://en.wikipedia.org/wiki/Luciano_Burti"
55,"alesi",1964-06-11,"French","http://en.wikipedia.org/wiki/Jean_Alesi"
56,"irvine",1965-11-10,"British","http://en.wikipedia.org/wiki/Eddie_Irvine"
57,"hakkinen",1968-09-28,"Finnish","http://en.wikipedia.org/wiki/Mika_H%C3%A4kkinen"
58,"marques",1976-01-19,"Brazilian","http://en.wikipedia.org/wiki/Tarso_Marques"
59,"bernoldi",1978-10-19,"Brazilian","http://en.wikipedia.org/wiki/Enrique_Bernoldi"
60,"mazzacane",1975-05-08,"Argentine","http://en.wikipedia.org/wiki/Gast%C3%B3n_Mazzacane"
61,"enge",1976-09-11,"Czech","http://en.wikipedia.org/wiki/Tom%C3%A1%C5%A1_Enge"
62,"yoong",1976-07-20,"Malaysian","http://en.wikipedia.org/wiki/Alex_Yoong"
63,"salo",1966-11-30,"Finnish","http://en.wikipedia.org/wiki/Mika_Salo"
64,"diniz",1970-05-22,"Brazilian","http://en.wikipedia.org/wiki/Pedro_Diniz"
65,"herbert",1964-06-25,"British","http://en.wikipedia.org/wiki/Johnny_Herbert"
66,"mcnish",1969-12-29,"British","http://en.wikipedia.org/wiki/Allan_McNish"
67,"buemi",1988-10-31,"Swiss","http://en.wikipedia.org/wiki/S%C3%A9bastien_Buemi"
68,"takagi",1974-02-12,"Japanese","http://en.wikipedia.org/wiki/Toranosuke_Takagi"
69,"badoer",1971-01-25,"Italian","http://en.wikipedia.org/wiki/Luca_Badoer"
70,"zanardi",1966-10-23,"Italian","http://en.wikipedia.org/wiki/Alex_Zanardi"
71,"damon_hill",1960-09-17,"British","http://en.wikipedia.org/wiki/Damon_Hill"
72,"sarrazin",1975-11-02,"French","http://en.wikipedia.org/wiki/St%C3%A9phane_Sarrazin"
73,"rosset",1968-07-27,"Brazilian","http://en.wikipedia.org/wiki/Ricardo_Rosset"
74,"tuero",1978-04-22,"Argentine","http://en.wikipedia.org/wiki/Esteban_Tuero"
75,"nakano",1971-04-01,"Japanese","http://en.wikipedia.org/wiki/Shinji_Nakano"
76,"magnussen",1973-07-04,"Danish","http://en.wikipedia.org/wiki/Jan_Magnussen"
77,"berger",1959-08-27,"Austrian","http://en.wikipedia.org/wiki/Gerhard_Berger"
78,"larini",1964-03-19,"Italian","http://en.wikipedia.org/wiki/Nicola_Larini"
79,"katayama",1963-05-29,"Japanese","http://en.wikipedia.org/wiki/Ukyo_Katayama"
80,"sospiri",1966-10-07,"Italian","http://en.wikipedia.org/wiki/Vincenzo_Sospiri"
81,"morbidelli",1968-01-13,"Italian","http://en.wikipedia.org/wiki/Gianni_Morbidelli"
82,"fontana",1975-01-20,"Argentine","http://en.wikipedia.org/wiki/Norberto_Fontana"
83,"lamy",1972-03-20,"Portuguese","http://en.wikipedia.org/wiki/Pedro_Lamy"
84,"brundle",1959-06-01,"British","http://en.wikipedia.org/wiki/Martin_Brundle"
85,"montermini",1964-05-30,"Italian","http://en.wikipedia.org/wiki/Andrea_Montermini"
86,"lavaggi",1958-02-18,"Italian","http://en.wikipedia.org/wiki/Giovanni_Lavaggi"
87,"blundell",1966-04-08,"British","http://en.wikipedia.org/wiki/Mark_Blundell"
88,"suzuki",1960-09-08,"Japanese","http://en.wikipedia.org/wiki/Aguri_Suzuki"
89,"inoue",1963-09-05,"Japanese","http://en.wikipedia.org/wiki/Taki_Inoue"
90,"moreno",1959-02-11,"Brazilian","http://en.wikipedia.org/wiki/Roberto_Moreno"
91,"wendlinger",1968-12-20,"Austrian","http://en.wikipedia.org/wiki/Karl_Wendlinger"
92,"gachot",1962-12-23,"Belgian","http://en.wikipedia.org/wiki/Bertrand_Gachot"
93,"schiattarella",1967-11-17,"Italian","http://en.wikipedia.org/wiki/Domenico_Schiattarella"
94,"martini",1961-04-23,"Italian","http://en.wikipedia.org/wiki/Pierluigi_Martini"
95,"mansell",1953-08-08,"British","http://en.wikipedia.org/wiki/Nigel_Mansell"
96,"boullion",1969-12-27,"French","http://en.wikipedia.org/wiki/Jean-Christophe_Boullion"
97,"papis",1969-10-03,"Italian","http://en.wikipedia.org/wiki/Massimiliano_Papis"
98,"deletraz",1963-10-01,"Swiss","http://en.wikipedia.org/wiki/Jean-Denis_Deletraz"
99,"tarquini",1962-03-02,"Italian","http://en.wikipedia.org/wiki/Gabriele_Tarquini"
100,"comas",1963-09-28,"French","http://en.wikipedia.org/wiki/%C3%89rik_Comas"
101,"brabham",1965-09-05,"Australian","http://en.wikipedia.org/wiki/David_Brabham"
102,"senna",1960-03-21,"Brazilian","http://en.wikipedia.org/wiki/Ayrton_Senna"
103,"bernard",1964-08-24,"French","http://en.wikipedia.org/wiki/%C3%89ric_Bernard"
104,"fittipaldi",1971-01-18,"Brazilian","http://en.wikipedia.org/wiki/Christian_Fittipaldi"
105,"alboreto",1956-12-23,"Italian","http://en.wikipedia.org/wiki/Michele_Alboreto"
106,"beretta",1969-11-23,"Monegasque","http://en.wikipedia.org/wiki/Olivier_Beretta"
107,"ratzenberger",1960-07-04,"Austrian","http://en.wikipedia.org/wiki/Roland_Ratzenberger"
108,"belmondo",1963-04-23,"French","http://en.wikipedia.org/wiki/Paul_Belmondo"
109,"lehto",1966-01-31,"Finnish","http://en.wikipedia.org/wiki/Jyrki_J%C3%A4rvilehto"
110,"cesaris",1959-05-31,"Italian","http://en.wikipedia.org/wiki/Andrea_de_Cesaris"
111,"gounon",1963-01-01,"French","http://en.wikipedia.org/wiki/Jean-Marc_Gounon"
112,"alliot",1954-07-27,"French","http://en.wikipedia.org/wiki/Philippe_Alliot"
113,"adams",1969-11-19,"Belgian","http://en.wikipedia.org/wiki/Philippe_Adams"
114,"dalmas",1961-07-28,"French","http://en.wikipedia.org/wiki/Yannick_Dalmas"
115,"noda",1969-03-07,"Japanese","http://en.wikipedia.org/wiki/Hideki_Noda"
116,"lagorce",1968-09-01,"French","http://en.wikipedia.org/wiki/Franck_Lagorce"
117,"prost",1955-02-24,"French","http://en.wikipedia.org/wiki/Alain_Prost"
118,"warwick",1954-08-27,"British","http://en.wikipedia.org/wiki/Derek_Warwick"
119,"patrese",1954-04-17,"Italian","http://en.wikipedia.org/wiki/Riccardo_Patrese"
120,"barbazza",1963-04-02,"Italian","http://en.wikipedia.org/wiki/Fabrizio_Barbazza"
121,"andretti",1962-10-05,"American","http://en.wikipedia.org/wiki/Michael_Andretti"
122,"capelli",1963-05-24,"Italian","http://en.wikipedia.org/wiki/Ivan_Capelli"
123,"boutsen",1957-07-13,"Belgian","http://en.wikipedia.org/wiki/Thierry_Boutsen"
124,"apicella",1965-10-07,"Italian","http://en.wikipedia.org/wiki/Marco_Apicella"
125,"naspetti",1968-02-24,"Italian","http://en.wikipedia.org/wiki/Emanuele_Naspetti"
126,"toshio_suzuki",1955-03-10,"Japanese","http://en.wikipedia.org/wiki/Toshio_Suzuki_(driver)"
127,"gugelmin",1963-04-20,"Brazilian","http://en.wikipedia.org/wiki/Maur%C3%ADcio_Gugelmin"
128,"poele",1961-09-30,"Belgian","http://en.wikipedia.org/wiki/Eric_van_de_Poele"
129,"grouillard",1958-09-02,"French","http://en.wikipedia.org/wiki/Olivier_Grouillard"
130,"chiesa",1964-05-06,"Swiss","http://en.wikipedia.org/wiki/Andrea_Chiesa"
131,"modena",1963-05-12,"Italian","http://en.wikipedia.org/wiki/Stefano_Modena"
132,"amati",1959-07-20,"Italian","http://en.wikipedia.org/wiki/Giovanna_Amati"
133,"caffi",1964-03-18,"Italian","http://en.wikipedia.org/wiki/Alex_Caffi"
134,"bertaggia",1964-09-19,"Italian","http://en.wikipedia.org/wiki/Enrico_Bertaggia"
135,"mccarthy",1961-03-03,"British","http://en.wikipedia.org/wiki/Perry_McCarthy"
136,"lammers",1956-06-02,"Dutch","http://en.wikipedia.org/wiki/Jan_Lammers"
137,"piquet",1952-08-17,"Brazilian","http://en.wikipedia.org/wiki/Nelson_Piquet"
138,"satoru_nakajima",1953-02-23,"Japanese","http://en.wikipedia.org/wiki/Satoru_Nakajima"
139,"pirro",1962-01-12,"Italian","http://en.wikipedia.org/wiki/Emanuele_Pirro"
140,"johansson",1956-09-08,"Swedish","http://en.wikipedia.org/wiki/Stefan_Johansson"
141,"bailey",1961-10-09,"British","http://en.wikipedia.org/wiki/Julian_Bailey"
142,"chaves",1965-02-27,"Portuguese","http://en.wikipedia.org/wiki/Pedro_Chaves"
143,"bartels",1968-03-08,"German","http://en.wikipedia.org/wiki/Michael_Bartels"
144,"hattori",1966-06-13,"Japanese","http://en.wikipedia.org/wiki/Naoki_Hattori"
145,"nannini",1959-07-07,"Italian","http://en.wikipedia.org/wiki/Alessandro_Nannini"
146,"schneider",1964-07-20,"German","http://en.wikipedia.org/wiki/Bernd_Schneider_(racecar_driver)"
147,"barilla",1961-04-20,"Italian","http://en.wikipedia.org/wiki/Paolo_Barilla"
148,"foitek",1965-03-27,"Swiss","http://en.wikipedia.org/wiki/Gregor_Foitek"
149,"langes",1960-07-20,"Italian","http://en.wikipedia.org/wiki/Claudio_Langes"
150,"gary_brabham",1961-03-29,"Australian","http://en.wikipedia.org/wiki/Gary_Brabham"
151,"donnelly",1964-03-26,"British","http://en.wikipedia.org/wiki/Martin_Donnelly_(racing_driver)"
152,"giacomelli",1952-09-10,"Italian","http://en.wikipedia.org/wiki/Bruno_Giacomelli"
153,"alguersuari",1990-03-23,"Spanish","http://en.wikipedia.org/wiki/Jaime_Alguersuari"
154,"grosjean",1986-04-17,"French","http://en.wikipedia.org/wiki/Romain_Grosjean"
155,"kobayashi",1986-09-13,"Japanese","http://en.wikipedia.org/wiki/Kamui_Kobayashi"
156,"palmer",1956-11-07,"British","http://en.wikipedia.org/wiki/Jonathan_Palmer"
157,"danner",1958-04-04,"German","http://en.wikipedia.org/wiki/Christian_Danner"
158,"cheever",1958-01-10,"American","http://en.wikipedia.org/wiki/Eddie_Cheever"
159,"sala",1959-05-15,"Spanish","http://en.wikipedia.org/wiki/Luis_Perez-Sala"
160,"ghinzani",1952-01-16,"Italian","http://en.wikipedia.org/wiki/Piercarlo_Ghinzani"
161,"weidler",1962-03-18,"German","http://en.wikipedia.org/wiki/Volker_Weidler"
162,"raphanel",1961-05-27,"French","http://en.wikipedia.org/wiki/Pierre-Henri_Raphanel"
163,"arnoux",1948-07-04,"French","http://en.wikipedia.org/wiki/Ren%C3%A9_Arnoux"
164,"joachim_winkelhock",1960-10-24,"German","http://en.wikipedia.org/wiki/Joachim_Winkelhock"
165,"larrauri",1954-08-19,"Argentine","http://en.wikipedia.org/wiki/Oscar_Larrauri"
166,"streiff",1955-06-26,"French","http://en.wikipedia.org/wiki/Philippe_Streiff"
167,"campos",1960-06-17,"Spanish","http://en.wikipedia.org/wiki/Adri%C3%A1n_Campos"
168,"schlesser",1948-09-12,"French","http://en.wikipedia.org/wiki/Jean-Louis_Schlesser"
169,"fabre",1960-01-09,"French","http://en.wikipedia.org/wiki/Pascal_Fabre"
170,"fabi",1955-03-09,"Italian","http://en.wikipedia.org/wiki/Teo_Fabi"
171,"forini",1958-09-22,"Swiss","http://en.wikipedia.org/wiki/Franco_Forini"
172,"laffite",1943-11-21,"French","http://en.wikipedia.org/wiki/Jacques_Laffite"
173,"angelis",1958-03-26,"Italian","http://en.wikipedia.org/wiki/Elio_de_Angelis"
174,"dumfries",1958-04-26,"British","http://en.wikipedia.org/wiki/Johnny_Dumfries"
175,"tambay",1949-06-25,"French","http://en.wikipedia.org/wiki/Patrick_Tambay"
176,"surer",1951-09-18,"Swiss","http://en.wikipedia.org/wiki/Marc_Surer"
177,"keke_rosberg",1948-12-06,"Finnish","http://en.wikipedia.org/wiki/Keke_Rosberg"
178,"jones",1946-11-02,"Australian","http://en.wikipedia.org/wiki/Alan_Jones_(Formula_1)"
179,"rothengatter",1954-10-08,"Dutch","http://en.wikipedia.org/wiki/Huub_Rothengatter"
180,"berg",1961-08-01,"Canadian","http://en.wikipedia.org/wiki/Allen_Berg"
181,"manfred_winkelhock",1951-10-06,"German","http://en.wikipedia.org/wiki/Manfred_Winkelhock"
182,"lauda",1949-02-22,"Austrian","http://en.wikipedia.org/wiki/Niki_Lauda"
183,"hesnault",1956-12-30,"French","http://en.wikipedia.org/wiki/Fran%C3%A7ois_Hesnault"
184,"baldi",1954-01-31,"Italian","http://en.wikipedia.org/wiki/Mauro_Baldi"
185,"bellof",1957-11-20,"German","http://en.wikipedia.org/wiki/Stefan_Bellof"
186,"acheson",1957-11-27,"British","http://en.wikipedia.org/wiki/Kenny_Acheson"
187,"watson",1946-05-04,"British","http://en.wikipedia.org/wiki/John_Watson_(racing_driver)"
188,"cecotto",1956-01-25,"Venezuelan","http://en.wikipedia.org/wiki/Johnny_Cecotto"
189,"gartner",1954-01-24,"Austrian","http://en.wikipedia.org/wiki/Jo_Gartner"
190,"corrado_fabi",1961-04-12,"Italian","http://en.wikipedia.org/wiki/Corrado_Fabi"
191,"thackwell",1961-03-30,"New Zealander","http://en.wikipedia.org/wiki/Mike_Thackwell"
192,"serra",1957-02-03,"Brazilian","http://en.wikipedia.org/wiki/Chico_Serra"
193,"sullivan",1950-03-09,"American","http://en.wikipedia.org/wiki/Danny_Sullivan"
194,"salazar",1954-11-14,"Chilean","http://en.wikipedia.org/wiki/Eliseo_Salazar"
195,"guerrero",1958-11-16,"Colombian","http://en.wikipedia.org/wiki/Roberto_Guerrero"
196,"boesel",1957-12-04,"Brazilian","http://en.wikipedia.org/wiki/Raul_Boesel"
197,"jarier",1946-07-10,"French","http://en.wikipedia.org/wiki/Jean-Pierre_Jarier"
198,"villeneuve_sr",1953-11-04,"Canadian","http://en.wikipedia.org/wiki/Jacques_Villeneuve_(elder)"
199,"reutemann",1942-04-12,"Argentine","http://en.wikipedia.org/wiki/Carlos_Reutemann"
200,"mass",1946-09-30,"German","http://en.wikipedia.org/wiki/Jochen_Mass"
201,"borgudd",1946-11-25,"Swedish","http://en.wikipedia.org/wiki/Slim_Borgudd"
202,"pironi",1952-03-26,"French","http://en.wikipedia.org/wiki/Didier_Pironi"
203,"gilles_villeneuve",1950-01-18,"Canadian","http://en.wikipedia.org/wiki/Gilles_Villeneuve"
204,"paletti",1958-06-15,"Italian","http://en.wikipedia.org/wiki/Riccardo_Paletti"
205,"henton",1946-09-19,"British","http://en.wikipedia.org/wiki/Brian_Henton"
206,"daly",1953-03-11,"Irish","http://en.wikipedia.org/wiki/Derek_Daly"
207,"mario_andretti",1940-02-28,"American","http://en.wikipedia.org/wiki/Mario_Andretti"
208,"villota",1946-07-26,"Spanish","http://en.wikipedia.org/wiki/Emilio_de_Villota"
209,"lees",1951-05-01,"British","http://en.wikipedia.org/wiki/Geoff_Lees"
210,"byrne",1958-05-06,"Irish","http://en.wikipedia.org/wiki/Tommy_Byrne_%28racing_driver%29"
211,"keegan",1955-02-26,"British","http://en.wikipedia.org/wiki/Rupert_Keegan"
212,"rebaque",1956-02-05,"Mexican","http://en.wikipedia.org/wiki/Hector_Rebaque"
213,"gabbiani",1957-01-02,"Italian","http://en.wikipedia.org/wiki/Beppe_Gabbiani"
214,"cogan",1956-03-31,"American","http://en.wikipedia.org/wiki/Kevin_Cogan"
215,"guerra",1953-08-31,"Argentine","http://en.wikipedia.org/wiki/Miguel_Angel_Guerra"
216,"stohr",1952-10-10,"Italian","http://en.wikipedia.org/wiki/Siegfried_Stohr"
217,"zunino",1949-04-13,"Argentine","http://en.wikipedia.org/wiki/Ricardo_Zunino"
218,"londono",1949-08-08,"Colombian","http://en.wikipedia.org/wiki/Ricardo_Londo%C3%B1o"
219,"jabouille",1942-10-01,"French","http://en.wikipedia.org/wiki/Jean-Pierre_Jabouille"
220,"francia",1947-11-08,"Italian","http://en.wikipedia.org/wiki/Giorgio_Francia"
221,"depailler",1944-08-09,"French","http://en.wikipedia.org/wiki/Patrick_Depailler"
222,"scheckter",1950-01-29,"South African","http://en.wikipedia.org/wiki/Jody_Scheckter"
223,"regazzoni",1939-09-05,"Swiss","http://en.wikipedia.org/wiki/Clay_Regazzoni"
224,"emerson_fittipaldi",1946-12-12,"Brazilian","http://en.wikipedia.org/wiki/Emerson_Fittipaldi"
225,"kennedy",1953-01-15,"Irish","http://en.wikipedia.org/wiki/David_Kennedy_(racing_driver)"
226,"south",1952-02-19,"British","http://en.wikipedia.org/wiki/Stephen_South"
227,"needell",1951-10-29,"British","http://en.wikipedia.org/wiki/Tiff_Needell"
228,"desire_wilson",1953-11-26,"South African","http://en.wikipedia.org/wiki/Desir%C3%A9_Wilson"
229,"ertl",1948-08-31,"Austrian","http://en.wikipedia.org/wiki/Harald_Ertl"
230,"brambilla",1937-11-11,"Italian","http://en.wikipedia.org/wiki/Vittorio_Brambilla"
231,"hunt",1947-08-29,"British","http://en.wikipedia.org/wiki/James_Hunt"
232,"merzario",1943-03-11,"Italian","http://en.wikipedia.org/wiki/Arturo_Merzario"
233,"stuck",1951-01-01,"German","http://en.wikipedia.org/wiki/Hans_Joachim_Stuck"
234,"brancatelli",1950-01-18,"Italian","http://en.wikipedia.org/wiki/Gianfranco_Brancatelli"
235,"ickx",1945-01-01,"Belgian","http://en.wikipedia.org/wiki/Jacky_Ickx"
236,"gaillard",1952-02-12,"French","http://en.wikipedia.org/wiki/Patrick_Gaillard"
237,"ribeiro",1948-11-07,"Brazilian","http://en.wikipedia.org/wiki/Alex_Ribeiro"
238,"peterson",1944-02-14,"Swedish","http://en.wikipedia.org/wiki/Ronnie_Peterson"
239,"lunger",1945-11-14,"American","http://en.wikipedia.org/wiki/Brett_Lunger"
240,"ongais",1942-05-21,"American","http://en.wikipedia.org/wiki/Danny_Ongais"
241,"leoni",1953-05-24,"Italian","http://en.wikipedia.org/wiki/Lamberto_Leoni"
242,"galica",1944-08-13,"British","http://en.wikipedia.org/wiki/Divina_Galica"
243,"stommelen",1943-07-11,"German","http://en.wikipedia.org/wiki/Rolf_Stommelen"
244,"colombo",1946-02-23,"Italian","http://en.wikipedia.org/wiki/Alberto_Colombo"
245,"trimmer",1943-01-24,"British","http://en.wikipedia.org/wiki/Tony_Trimmer"
246,"binder",1948-06-12,"Austrian","http://en.wikipedia.org/wiki/Hans_Binder"
247,"bleekemolen",1949-10-02,"Dutch","http://en.wikipedia.org/wiki/Michael_Bleekemolen"
248,"gimax",1938-01-01,"Italian","http://en.wikipedia.org/wiki/Gimax"
249,"rahal",1953-01-10,"American","http://en.wikipedia.org/wiki/Bobby_Rahal"
250,"pace",1944-10-06,"Brazilian","http://en.wikipedia.org/wiki/Carlos_Pace"
251,"ian_scheckter",1947-08-22,"South African","http://en.wikipedia.org/wiki/Ian_Scheckter"
252,"pryce",1949-06-11,"British","http://en.wikipedia.org/wiki/Tom_Pryce"
253,"hoffmann",1953-02-28,"Brazilian","http://en.wikipedia.org/wiki/Ingo_Hoffmann"
254,"zorzi",1946-12-12,"Italian","http://en.wikipedia.org/wiki/Renzo_Zorzi"
255,"nilsson",1948-11-20,"Swedish","http://en.wikipedia.org/wiki/Gunnar_Nilsson"
256,"perkins",1950-03-18,"Australian","http://en.wikipedia.org/wiki/Larry_Perkins"
257,"hayje",1949-05-03,"Dutch","http://en.wikipedia.org/wiki/Boy_Hayje"
258,"neve",1949-10-13,"Belgian","http://en.wikipedia.org/wiki/Patrick_Neve"
259,"purley",1945-01-26,"British","http://en.wikipedia.org/wiki/David_Purley"
260,"andersson",1939-12-28,"Swedish","http://en.wikipedia.org/wiki/Conny_Andersson_(racing_driver)"
261,"dryver",1952-09-19,"Belgian","http://en.wikipedia.org/wiki/Bernard_de_Dryver"
262,"oliver",1942-08-14,"British","http://en.wikipedia.org/wiki/Jackie_Oliver"
263,"kozarowitzky",1948-05-17,"Finnish","http://en.wikipedia.org/wiki/Mikko_Kozarowitzky"
264,"sutcliffe",1947-05-09,"British","http://en.wikipedia.org/wiki/Andy_Sutcliffe"
265,"edwards",1942-12-30,"British","http://en.wikipedia.org/wiki/Guy_Edwards"
266,"mcguire",1945-12-13,"Australian","http://en.wikipedia.org/wiki/Brian_McGuire"
267,"schuppan",1943-03-19,"Australian","http://en.wikipedia.org/wiki/Vern_Schuppan"
268,"heyer",1943-03-16,"German","http://en.wikipedia.org/wiki/Hans_Heyer"
269,"pilette",1942-07-26,"Belgian","http://en.wikipedia.org/wiki/Teddy_Pilette"
270,"ashley",1947-10-26,"British","http://en.wikipedia.org/wiki/Ian_Ashley"
271,"kessel",1950-04-01,"Swiss","http://en.wikipedia.org/wiki/Loris_Kessel"
272,"takahashi",1940-01-29,"Japanese","http://en.wikipedia.org/wiki/Kunimitsu_Takahashi"
273,"hoshino",1947-07-01,"Japanese","http://en.wikipedia.org/wiki/Kazuyoshi_Hoshino"
274,"takahara",1951-06-06,"Japanese","http://en.wikipedia.org/wiki/Noritake_Takahara"
275,"lombardi",1941-03-26,"Italian","http://en.wikipedia.org/wiki/Lella_Lombardi"
276,"evans",1947-06-11,"British","http://en.wikipedia.org/wiki/Bob_Evans_(race_driver)"
277,"leclere",1946-03-18,"French","http://en.wikipedia.org/wiki/Michel_Lecl%C3%A8re"
278,"amon",1943-07-20,"New Zealander","http://en.wikipedia.org/wiki/Chris_Amon"
279,"zapico",1944-05-27,"Spanish","http://en.wikipedia.org/wiki/Emilio_Zapico"
280,"pescarolo",1942-09-25,"French","http://en.wikipedia.org/wiki/Henri_Pescarolo"
281,"nelleman",1944-04-19,"Danish","http://en.wikipedia.org/wiki/Jac_Nelleman"
282,"magee",1945-11-17,"British","http://en.wikipedia.org/wiki/Damien_Magee"
283,"wilds",1946-01-07,"British","http://en.wikipedia.org/wiki/Mike_Wilds"
284,"pesenti_rossi",1942-08-31,"Italian","http://en.wikipedia.org/wiki/Alessandro_Pesenti-Rossi"
285,"stuppacher",1947-03-03,"Austrian","http://en.wikipedia.org/wiki/Otto_Stuppacher"
286,"brown",1949-12-24,"Australian","http://en.wikipedia.org/wiki/Warwick_Brown"
287,"hasemi",1945-11-13,"Japanese","http://en.wikipedia.org/wiki/Masahiro_Hasemi"
288,"donohue",1937-03-18,"American","http://en.wikipedia.org/wiki/Mark_Donohue"
289,"hill",1929-02-15,"British","http://en.wikipedia.org/wiki/Graham_Hill"
290,"wilson_fittipaldi",1943-12-25,"Brazilian","http://en.wikipedia.org/wiki/Wilson_Fittipaldi"
291,"tunmer",1948-12-01,"South African","http://en.wikipedia.org/wiki/Guy_Tunmer"
292,"keizan",1944-09-12,"South African","http://en.wikipedia.org/wiki/Eddie_Keizan"
293,"charlton",1936-10-27,"South African","http://en.wikipedia.org/wiki/Dave_Charlton"
294,"brise",1952-03-28,"British","http://en.wikipedia.org/wiki/Tony_Brise"
295,"wunderink",1948-12-12,"Dutch","http://en.wikipedia.org/wiki/Roelof_Wunderink"
296,"migault",1944-12-04,"French","http://en.wikipedia.org/wiki/Fran%C3%A7ois_Migault"
297,"palm",1947-07-23,"Swedish","http://en.wikipedia.org/wiki/Torsten_Palm"
298,"lennep",1942-03-16,"Dutch","http://en.wikipedia.org/wiki/Gijs_Van_Lennep"
299,"fushida",1946-03-10,"Japanese","http://en.wikipedia.org/wiki/Hiroshi_Fushida"
300,"nicholson",1941-10-06,"New Zealander","http://en.wikipedia.org/wiki/John_Nicholson_(racing_driver)"
301,"morgan",1944-08-07,"British","http://en.wikipedia.org/wiki/Dave_Morgan_(racing_driver)"
302,"crawford",1948-02-13,"British","http://en.wikipedia.org/wiki/Jim_Crawford_(driver)"
303,"vonlanthen",1942-05-31,"Swiss","http://en.wikipedia.org/wiki/Jo_Vonlanthen"
304,"hulme",1936-06-18,"New Zealander","http://en.wikipedia.org/wiki/Denny_Hulme"
305,"hailwood",1940-04-02,"British","http://en.wikipedia.org/wiki/Mike_Hailwood"
306,"beltoise",1937-04-26,"French","http://en.wikipedia.org/wiki/Jean-Pierre_Beltoise"
307,"ganley",1941-12-24,"New Zealander","http://en.wikipedia.org/wiki/Howden_Ganley"
308,"robarts",1944-09-22,"British","http://en.wikipedia.org/wiki/Richard_Robarts"
309,"revson",1939-02-27,"American","http://en.wikipedia.org/wiki/Peter_Revson"
310,"driver",1934-05-13,"South African","http://en.wikipedia.org/wiki/Paddy_Driver"
311,"belso",1942-08-27,"Danish","http://en.wikipedia.org/wiki/Tom_Bels%C3%B8"
312,"redman",1937-03-09,"British","http://en.wikipedia.org/wiki/Brian_Redman"
313,"opel",1947-10-14,"Liechtensteiner","http://en.wikipedia.org/wiki/Rikky_von_Opel"
314,"schenken",1943-09-26,"Australian","http://en.wikipedia.org/wiki/Tim_Schenken"
315,"larrousse",1940-05-23,"French","http://en.wikipedia.org/wiki/G%C3%A9rard_Larrousse"
316,"kinnunen",1943-08-05,"Finnish","http://en.wikipedia.org/wiki/Leo_Kinnunen"
317,"wisell",1941-09-30,"Swedish","http://en.wikipedia.org/wiki/Reine_Wisell"
318,"roos",1943-10-12,"Swedish","http://en.wikipedia.org/wiki/Bertil_Roos"
319,"dolhem",1944-04-26,"French","http://en.wikipedia.org/wiki/Jos%C3%A9_Dolhem"
320,"gethin",1940-02-21,"British","http://en.wikipedia.org/wiki/Peter_Gethin"
321,"bell",1941-10-31,"British","http://en.wikipedia.org/wiki/Derek_Bell_(auto_racer)"
322,"hobbs",1939-06-09,"British","http://en.wikipedia.org/wiki/David_Hobbs_(racing_driver)"
323,"quester",1939-05-30,"Austrian","http://en.wikipedia.org/wiki/Dieter_Quester"
324,"koinigg",1948-11-03,"Austrian","http://en.wikipedia.org/wiki/Helmuth_Koinigg"
325,"facetti",1935-06-26,"Italian","http://en.wikipedia.org/wiki/Carlo_Facetti"
326,"wietzes",1938-05-28,"Canadian","http://en.wikipedia.org/wiki/Eppie_Wietzes"
327,"cevert",1944-02-25,"French","http://en.wikipedia.org/wiki/Fran%C3%A7ois_Cevert"
328,"stewart",1939-06-11,"British","http://en.wikipedia.org/wiki/Jackie_Stewart"
329,"beuttler",1940-04-13,"British","http://en.wikipedia.org/wiki/Mike_Beuttler"
330,"galli",1940-10-02,"Italian","http://en.wikipedia.org/wiki/Nanni_Galli"
331,"bueno",1937-01-16,"Brazilian","http://en.wikipedia.org/wiki/Luiz_Bueno"
332,"follmer",1934-01-27,"American","http://en.wikipedia.org/wiki/George_Follmer"
333,"adamich",1941-10-03,"Italian","http://en.wikipedia.org/wiki/Andrea_de_Adamich"
334,"pretorius",1934-11-22,"South African","http://en.wikipedia.org/wiki/Jackie_Pretorius"
335,"williamson",1948-02-02,"British","http://en.wikipedia.org/wiki/Roger_Williamson"
336,"mcrae",1940-03-05,"New Zealander","http://en.wikipedia.org/wiki/Graham_McRae"
337,"marko",1943-04-27,"Austrian","http://en.wikipedia.org/wiki/Helmut_Marko"
338,"walker",1941-06-10,"Australian","http://en.wikipedia.org/wiki/David_Walker_(racing_driver)"
339,"roig",1932-10-29,"Spanish","http://en.wikipedia.org/wiki/Alex_Soler-Roig"
340,"love",1924-12-07,"Rhodesian","http://en.wikipedia.org/wiki/John_Love_(racing_driver)"
341,"surtees",1934-02-11,"British","http://en.wikipedia.org/wiki/John_Surtees"
342,"barber",1936-11-16,"American","http://en.wikipedia.org/wiki/Skip_Barber"
343,"brack",1935-12-26,"Canadian","http://en.wikipedia.org/wiki/Bill_Brack"
344,"posey",1944-05-26,"American","http://en.wikipedia.org/wiki/Sam_Posey"
345,"rodriguez",1940-01-18,"Mexican","http://en.wikipedia.org/wiki/Pedro_Rodr%C3%ADguez_(racing_driver)"
346,"siffert",1936-07-07,"Swiss","http://en.wikipedia.org/wiki/Jo_Siffert"
347,"bonnier",1930-01-31,"Swedish","http://en.wikipedia.org/wiki/Joakim_Bonnier"
348,"mazet",1943-02-24,"French","http://en.wikipedia.org/wiki/Fran%C3%A7ois_Mazet"
349,"jean",1943-07-27,"French","http://en.wikipedia.org/wiki/Max_Jean"
350,"elford",1935-06-10,"British","http://en.wikipedia.org/wiki/Vic_Elford"
351,"moser",1941-04-24,"Swiss","http://en.wikipedia.org/wiki/Silvio_Moser"
352,"eaton",1945-11-12,"Canadian","http://en.wikipedia.org/wiki/George_Eaton"
353,"lovely",1926-04-11,"American","http://en.wikipedia.org/wiki/Pete_Lovely"
354,"craft",1939-11-17,"British","http://en.wikipedia.org/wiki/Chris_Craft_(racing_driver)"
355,"Cannoc",1933-06-21,"Canadian","http://en.wikipedia.org/wiki/John_Cannon_(auto_racer)"
356,"jack_brabham",1926-04-02,"Australian","http://en.wikipedia.org/wiki/Jack_Brabham"
357,"miles",1943-06-14,"British","http://en.wikipedia.org/wiki/John_Miles_(auto_racer)"
358,"rindt",1942-04-18,"Austrian","http://en.wikipedia.org/wiki/Jochen_Rindt"
359,"gavin",1942-01-18,"French","http://en.wikipedia.org/wiki/Johnny_Servoz-Gavin"
360,"mclaren",1937-08-30,"New Zealander","http://en.wikipedia.org/wiki/Bruce_McLaren"
361,"courage",1942-05-27,"British","http://en.wikipedia.org/wiki/Piers_Courage"
362,"klerk",1935-03-16,"South African","http://en.wikipedia.org/wiki/Peter_de_Klerk"
363,"giunti",1941-08-30,"Italian","http://en.wikipedia.org/wiki/Ignazio_Giunti"
364,"gurney",1931-04-13,"American","http://en.wikipedia.org/wiki/Dan_Gurney"
365,"hahne",1935-03-28,"German","http://en.wikipedia.org/wiki/Hubert_Hahne"
366,"hutchison",1937-04-26,"American","http://en.wikipedia.org/wiki/Gus_Hutchison"
367,"westbury",1938-05-26,"British","http://en.wikipedia.org/wiki/Peter_Westbury"
368,"tingle",1921-08-24,"Rhodesian","http://en.wikipedia.org/wiki/Sam_Tingle"
369,"rooyen",1939-04-19,"South African","http://en.wikipedia.org/wiki/Basil_van_Rooyen"
370,"attwood",1940-04-04,"British","http://en.wikipedia.org/wiki/Richard_Attwood"
371,"pease",1921-10-15,"Canadian","http://en.wikipedia.org/wiki/Al_Pease"
372,"cordts",1935-07-23,"Canadian","http://en.wikipedia.org/wiki/John_Cordts"
373,"clark",1936-03-04,"British","http://en.wikipedia.org/wiki/Jim_Clark"
374,"spence",1936-12-30,"British","http://en.wikipedia.org/wiki/Mike_Spence"
375,"scarfiotti",1933-10-18,"Italian","http://en.wikipedia.org/wiki/Ludovico_Scarfiotti"
376,"bianchi",1934-11-10,"Belgian","http://en.wikipedia.org/wiki/Lucien_Bianchi"
377,"jo_schlesser",1928-05-18,"French","http://en.wikipedia.org/wiki/Jo_Schlesser"
378,"widdows",1942-05-27,"British","http://en.wikipedia.org/wiki/Robin_Widdows"
379,"ahrens",1940-04-19,"German","http://en.wikipedia.org/wiki/Kurt_Ahrens,_Jr."
380,"gardner",1930-10-01,"Australian","http://en.wikipedia.org/wiki/Frank_Gardner_(driver)"
381,"unser",1934-02-20,"American","http://en.wikipedia.org/wiki/Bobby_Unser"
382,"solana",1935-12-26,"Mexican","http://en.wikipedia.org/wiki/Mois%C3%A9s_Solana"
383,"anderson",1931-05-19,"British","http://en.wikipedia.org/wiki/Bob_Anderson_(racing_driver)"
384,"botha",1930-01-16,"South African","http://en.wikipedia.org/wiki/Luki_Botha"
385,"bandini",1935-12-21,"Italian","http://en.wikipedia.org/wiki/Lorenzo_Bandini"
386,"ginther",1930-08-05,"American","http://en.wikipedia.org/wiki/Richie_Ginther"
387,"parkes",1931-09-24,"British","http://en.wikipedia.org/wiki/Mike_Parkes"
388,"irwin",1942-06-27,"British","http://en.wikipedia.org/wiki/Chris_Irwin"
389,"ligier",1930-07-12,"French","http://en.wikipedia.org/wiki/Guy_Ligier"
390,"rees",1938-01-12,"British","http://en.wikipedia.org/wiki/Alan_Rees_(racing_driver)"
391,"hart",1936-09-07,"British","http://en.wikipedia.org/wiki/Brian_Hart"
392,"fisher",1943-03-13,"American","http://en.wikipedia.org/wiki/Mike_Fisher_(driver)"
393,"tom_jones",1943-04-26,"American","http://en.wikipedia.org/wiki/Tom_Jones_(auto_racer)"
394,"baghetti",1934-12-25,"Italian","http://en.wikipedia.org/wiki/Giancarlo_Baghetti"
395,"williams",1942-10-26,"British","http://en.wikipedia.org/wiki/Jonathan_Williams_(racing_driver)"
396,"bondurant",1933-04-27,"American","http://en.wikipedia.org/wiki/Bob_Bondurant"
397,"arundell",1933-11-08,"British","http://en.wikipedia.org/wiki/Peter_Arundell"
398,"vic_wilson",1931-04-14,"British","http://en.wikipedia.org/wiki/Vic_Wilson_(motor_racing_driver)"
399,"taylor",1933-03-23,"British","http://en.wikipedia.org/wiki/John_Taylor_(racer)"
400,"lawrence",1933-07-27,"British","http://en.wikipedia.org/wiki/Chris_Lawrence_(racing_driver)"
401,"trevor_taylor",1936-12-26,"British","http://en.wikipedia.org/wiki/Trevor_Taylor"
402,"geki",1937-10-23,"Italian","http://en.wikipedia.org/wiki/Geki_(driver)"
403,"phil_hill",1927-04-20,"American","http://en.wikipedia.org/wiki/Phil_Hill"
404,"ireland",1930-06-12,"British","http://en.wikipedia.org/wiki/Innes_Ireland"
405,"bucknum",1936-04-05,"American","http://en.wikipedia.org/wiki/Ronnie_Bucknum"
406,"hawkins",1937-10-12,"Australian","http://en.wikipedia.org/wiki/Paul_Hawkins_(racing_driver)"
407,"prophet",1937-10-09,"British","http://en.wikipedia.org/wiki/David_Prophet"
408,"maggs",1937-02-09,"South African","http://en.wikipedia.org/wiki/Tony_Maggs"
409,"blokdyk",1935-11-30,"South African","http://en.wikipedia.org/wiki/Trevor_Blokdyk"
410,"lederle",1938-09-25,"South African","http://en.wikipedia.org/wiki/Neville_Lederle"
411,"serrurier",1920-12-09,"South African","http://en.wikipedia.org/wiki/Doug_Serrurier"
412,"niemann",1939-01-07,"South African","http://en.wikipedia.org/wiki/Brausch_Niemann"
413,"pieterse",1938-07-04,"South African","http://en.wikipedia.org/wiki/Ernie_Pieterse"
414,"puzey",1941-07-11,"Rhodesian","http://en.wikipedia.org/wiki/Clive_Puzey"
415,"reed",1993-08-12,"South African","http://en.wikipedia.org/wiki/Ray_Reed"
416,"clapham",1931-05-18,"South African","http://en.wikipedia.org/wiki/David_Clapham"
417,"blignaut",1932-11-30,"South African","http://en.wikipedia.org/wiki/Alex_Blignaut"
418,"gregory",1932-02-29,"American","http://en.wikipedia.org/wiki/Masten_Gregory"
419,"rhodes",1927-08-18,"British","http://en.wikipedia.org/wiki/John_Rhodes_(driver)"
420,"raby",1921-09-22,"British","http://en.wikipedia.org/wiki/Ian_Raby"
421,"rollinson",1943-05-15,"British","http://en.wikipedia.org/wiki/Alan_Rollinson"
422,"gubby",1934-04-17,"British","http://en.wikipedia.org/wiki/Brian_Gubby"
423,"mitter",1935-08-30,"German","http://en.wikipedia.org/wiki/Gerhard_Mitter"
424,"bussinello",1927-10-04,"Italian","http://en.wikipedia.org/wiki/Roberto_Bussinello"
425,"vaccarella",1933-03-04,"Italian","http://en.wikipedia.org/wiki/Nino_Vaccarella"
426,"bassi",1934-01-20,"Italian","http://en.wikipedia.org/wiki/Giorgio_Bassi"
427,"trintignant",1917-10-30,"French","http://en.wikipedia.org/wiki/Maurice_Trintignant"
428,"collomb",1930-10-07,"French","http://en.wikipedia.org/wiki/Bernard_Collomb"
429,"andre_pilette",1918-10-06,"Belgian","http://en.wikipedia.org/wiki/Andr%C3%A9_Pilette"
430,"beaufort",1934-04-10,"Dutch","http://en.wikipedia.org/wiki/Carel_Godin_de_Beaufort"
431,"barth",1917-01-26,"German","http://en.wikipedia.org/wiki/Edgar_Barth"
432,"cabral",1934-01-15,"Portuguese","http://en.wikipedia.org/wiki/Mario_de_Araujo_Cabral"
433,"hansgen",1919-10-28,"American","http://en.wikipedia.org/wiki/Walt_Hansgen"
434,"sharp",1928-01-01,"American","http://en.wikipedia.org/wiki/Hap_Sharp"
435,"mairesse",1928-10-01,"Belgian","http://en.wikipedia.org/wiki/Willy_Mairesse"
436,"campbell-jones",1930-01-21,"British","http://en.wikipedia.org/wiki/John_Campbell-Jones"
437,"burgess",1930-07-06,"British","http://en.wikipedia.org/wiki/Ian_Burgess"
438,"settember",1926-07-10,"American","http://en.wikipedia.org/wiki/Tony_Settember"
439,"estefano",1932-11-18,"Argentine","http://en.wikipedia.org/wiki/Nasif_Est%C3%A9fano"
440,"hall",1935-07-23,"American","http://en.wikipedia.org/wiki/Jim_Hall_(race_car_driver)"
441,"parnell",1932-06-25,"British","http://en.wikipedia.org/wiki/Tim_Parnell"
442,"kuhnke",1910-04-30,"German","http://en.wikipedia.org/wiki/Kurt_Kuhnke"
443,"ernesto_brambilla",1934-01-31,"Italian","http://en.wikipedia.org/wiki/Ernesto_Brambilla"
444,"lippi",1926-10-17,"Italian","http://en.wikipedia.org/wiki/Roberto_Lippi"
445,"seiffert",1937-10-18,"German","http://en.wikipedia.org/wiki/G%C3%BCnther_Seiffert"
446,"abate",1932-07-10,"Italian","http://en.wikipedia.org/wiki/Carlo_Mario_Abate"
447,"starrabba",1932-12-03,"Italian","http://en.wikipedia.org/wiki/Gaetano_Starrabba"
448,"broeker",1926-05-15,"Canadian","http://en.wikipedia.org/wiki/Peter_Broeker"
449,"ward",1921-01-10,"American","http://en.wikipedia.org/wiki/Rodger_Ward"
450,"vos",1941-07-01,"Dutch","http://en.wikipedia.org/wiki/Ernie_de_Vos"
451,"dochnal",1920-10-08,"American","http://en.wikipedia.org/wiki/Frank_Dochnal"
452,"monarch",1945-09-03,"American",""
842,"gasly",1996-02-07,"French","http://en.wikipedia.org/wiki/Pierre_Gasly"
453,"lewis",1936-11-01,"British","http://en.wikipedia.org/wiki/Jackie_Lewis"
454,"ricardo_rodriguez",1942-02-14,"Mexican","http://en.wikipedia.org/wiki/Ricardo_Rodr%C3%ADguez_(Formula_One)"
455,"seidel",1926-07-04,"German","http://en.wikipedia.org/wiki/Wolfgang_Seidel"
456,"salvadori",1922-05-12,"British","http://en.wikipedia.org/wiki/Roy_Salvadori"
457,"pon",1936-12-09,"Dutch","http://en.wikipedia.org/wiki/Ben_Pon"
458,"slotemaker",1929-06-13,"Dutch","http://en.wikipedia.org/wiki/Rob_Slotemaker"
459,"marsh",1931-07-20,"British","http://en.wikipedia.org/wiki/Tony_Marsh_(racing_driver)"
460,"ashmore",1936-07-25,"British","http://en.wikipedia.org/wiki/Gerry_Ashmore"
461,"schiller",1930-01-25,"Swiss","http://en.wikipedia.org/wiki/Heinz_Schiller"
462,"davis",1933-07-29,"British","http://en.wikipedia.org/wiki/Colin_Davis_(driver)"
463,"chamberlain",1925-12-29,"American","http://en.wikipedia.org/wiki/Jay_Chamberlain"
464,"shelly",1937-02-02,"New Zealander","http://en.wikipedia.org/wiki/Tony_Shelly"
465,"greene",1938-01-05,"British","http://en.wikipedia.org/wiki/Keith_Greene"
466,"walter",1927-07-28,"Swiss","http://en.wikipedia.org/wiki/Heini_Walter"
467,"prinoth",1923-04-15,"Italian","http://en.wikipedia.org/wiki/Ernesto_Prinoth"
468,"penske",1937-02-20,"American","http://en.wikipedia.org/wiki/Roger_Penske"
469,"schroeder",1926-05-11,"British","http://en.wikipedia.org/wiki/Rob_Schroeder"
470,"mayer",1938-02-22,"American","http://en.wikipedia.org/wiki/Timmy_Mayer"
471,"johnstone",1937-01-30,"South African","http://en.wikipedia.org/wiki/Bruce_Johnstone_(racing_driver)"
472,"harris",1939-05-25,"South African","http://en.wikipedia.org/wiki/Mike_Harris_(race_car_driver)"
473,"hocking",1937-09-30,"Rhodesian","http://en.wikipedia.org/wiki/Gary_Hocking"
474,"vyver",1920-06-01,"South African","http://en.wikipedia.org/wiki/Syd_van_der_Vyver"
475,"moss",1929-09-17,"British","http://en.wikipedia.org/wiki/Stirling_Moss"
476,"trips",1928-05-04,"German","http://en.wikipedia.org/wiki/Wolfgang_Graf_Berghe_von_Trips"
477,"allison",1932-02-08,"British","http://en.wikipedia.org/wiki/Cliff_Allison"
478,"herrmann",1928-02-23,"German","http://en.wikipedia.org/wiki/Hans_Herrmann"
479,"brooks",1932-02-25,"British","http://en.wikipedia.org/wiki/Tony_Brooks"
480,"may",1934-08-18,"Swiss","http://en.wikipedia.org/wiki/Michael_May_(racing_driver)"
481,"henry_taylor",1932-12-16,"British","http://en.wikipedia.org/wiki/Henry_Taylor_(racing_driver)"
482,"gendebien",1924-01-12,"Belgian","http://en.wikipedia.org/wiki/Olivier_Gendebien"
483,"scarlatti",1921-10-02,"Italian","http://en.wikipedia.org/wiki/Giorgio_Scarlatti"
484,"naylor",1923-03-24,"British","http://en.wikipedia.org/wiki/Brian_Naylor"
485,"bordeu",1934-01-28,"Argentine","http://en.wikipedia.org/wiki/Juan_Manuel_Bordeu"
486,"fairman",1913-03-15,"British","http://en.wikipedia.org/wiki/Jack_Fairman"
487,"natili",1935-07-28,"Italian","http://en.wikipedia.org/wiki/Massimo_Natili"
488,"monteverdi",1934-06-07,"Swiss","http://en.wikipedia.org/wiki/Peter_Monteverdi"
489,"pirocchi",1933-03-26,"Italian","http://en.wikipedia.org/wiki/Renato_Pirocchi"
490,"duke",1923-03-29,"British","http://en.wikipedia.org/wiki/Geoff_Duke"
491,"thiele",1920-04-05,"American-Italian","http://en.wikipedia.org/wiki/Alfonso_Thiele"
492,"boffa",1930-01-04,"Italian","http://en.wikipedia.org/wiki/Menato_Boffa"
493,"ryan",1940-06-10,"Canadian","http://en.wikipedia.org/wiki/Peter_Ryan_(driver)"
494,"ruby",1928-01-12,"American","http://en.wikipedia.org/wiki/Lloyd_Ruby"
495,"ken_miles",1918-11-01,"British","http://en.wikipedia.org/wiki/Ken_Miles"
496,"menditeguy",1914-08-10,"Argentine","http://en.wikipedia.org/wiki/Carlos_Menditeguy"
497,"larreta",1934-01-14,"Argentine","http://en.wikipedia.org/wiki/Alberto_Rodriguez_Larreta"
498,"gonzalez",1922-10-05,"Argentine","http://en.wikipedia.org/wiki/Jos%C3%A9_Froil%C3%A1n_Gonz%C3%A1lez"
499,"bonomi",1919-09-30,"Argentine","http://en.wikipedia.org/wiki/Roberto_Bonomi"
500,"munaron",1928-04-02,"Italian","http://en.wikipedia.org/wiki/Gino_Munaron"
501,"schell",1921-06-29,"American","http://en.wikipedia.org/wiki/Harry_Schell"
502,"stacey",1933-08-29,"British","http://en.wikipedia.org/wiki/Alan_Stacey"
503,"chimeri",1921-06-04,"Venezuelan","http://en.wikipedia.org/wiki/Ettore_Chimeri"
504,"creus",1924-10-28,"Spanish","http://en.wikipedia.org/wiki/Antonio_Creus"
505,"bristow",1937-12-02,"British","http://en.wikipedia.org/wiki/Chris_Bristow"
506,"halford",1931-05-18,"British","http://en.wikipedia.org/wiki/Bruce_Halford"
507,"daigh",1923-11-29,"American","http://en.wikipedia.org/wiki/Chuck_Daigh"
508,"reventlow",1936-02-24,"American","http://en.wikipedia.org/wiki/Lance_Reventlow"
509,"rathmann",1928-07-16,"American","http://en.wikipedia.org/wiki/Jim_Rathmann"
510,"goldsmith",1925-10-02,"American","http://en.wikipedia.org/wiki/Paul_Goldsmith"
511,"branson",1920-06-02,"American","http://en.wikipedia.org/wiki/Don_Branson"
512,"thomson",1922-04-09,"American","http://en.wikipedia.org/wiki/Johnny_Thomson"
513,"johnson",1919-02-10,"American","http://en.wikipedia.org/wiki/Eddie_Johnson_(auto_racer)"
514,"veith",1926-11-01,"American","http://en.wikipedia.org/wiki/Bob_Veith"
515,"tingelstad",1928-04-04,"American","http://en.wikipedia.org/wiki/Bud_Tingelstad"
516,"christie",1924-04-04,"American","http://en.wikipedia.org/wiki/Bob_Christie_(racing_driver)"
517,"amick",1929-01-19,"American","http://en.wikipedia.org/wiki/Red_Amick"
518,"darter",1913-05-05,"American","http://en.wikipedia.org/wiki/Duane_Carter"
519,"homeier",1918-08-31,"American","http://en.wikipedia.org/wiki/Bill_Homeier"
520,"hartley",1926-01-28,"American","http://en.wikipedia.org/wiki/Gene_Hartley"
521,"stevenson",1919-10-15,"American","http://en.wikipedia.org/wiki/Chuck_Stevenson"
522,"grim",1924-09-04,"American","http://en.wikipedia.org/wiki/Bobby_Grim"
523,"templeman",1919-08-12,"American","http://en.wikipedia.org/wiki/Shorty_Templeman"
524,"hurtubise",1932-12-05,"American","http://en.wikipedia.org/wiki/Jim_Hurtubise"
525,"bryan",1926-01-28,"American","http://en.wikipedia.org/wiki/Jimmy_Bryan"
526,"ruttman",1930-03-11,"American","http://en.wikipedia.org/wiki/Troy_Ruttman"
527,"sachs",1927-05-28,"American","http://en.wikipedia.org/wiki/Eddie_Sachs"
528,"freeland",1925-03-25,"American","http://en.wikipedia.org/wiki/Don_Freeland"
529,"bettenhausen",1916-09-12,"American","http://en.wikipedia.org/wiki/Tony_Bettenhausen"
530,"weiler",1934-12-09,"American","http://en.wikipedia.org/wiki/Wayne_Weiler"
531,"foyt",1935-01-16,"American","http://en.wikipedia.org/wiki/A.J._Foyt"
532,"russo",1925-11-19,"American","http://en.wikipedia.org/wiki/Eddie_Russo"
533,"boyd",1926-08-19,"American","http://en.wikipedia.org/wiki/Johnny_Boyd"
534,"force",1916-06-15,"American","http://en.wikipedia.org/wiki/Gene_Force"
535,"mcwithey",1927-07-04,"American","http://en.wikipedia.org/wiki/Jim_McWithey"
536,"sutton",1925-08-09,"American","http://en.wikipedia.org/wiki/Len_Sutton"
537,"dick_rathmann",1924-01-06,"American","http://en.wikipedia.org/wiki/Dick_Rathmann"
538,"herman",1927-03-15,"American","http://en.wikipedia.org/wiki/Al_Herman"
539,"dempsey_wilson",1927-03-11,"American","http://en.wikipedia.org/wiki/Dempsey_Wilson"
540,"mike_taylor",1934-04-24,"British","http://en.wikipedia.org/wiki/Mike_Taylor_(driver)"
541,"flockhart",1923-06-16,"British","http://en.wikipedia.org/wiki/Ron_Flockhart_(auto_racing)"
542,"piper",1930-12-02,"British","http://en.wikipedia.org/wiki/David_Piper"
543,"cabianca",1923-02-19,"Italian","http://en.wikipedia.org/wiki/Giulio_Cabianca"
544,"drogo",1926-08-08,"Italian","http://en.wikipedia.org/wiki/Piero_Drogo"
545,"gamble",1932-03-17,"American","http://en.wikipedia.org/wiki/Fred_Gamble_(racing_driver)"
546,"owen",1915-03-23,"British","http://en.wikipedia.org/wiki/Arthur_Owen"
547,"gould",1918-09-20,"British","http://en.wikipedia.org/wiki/Horace_Gould"
548,"drake",1919-12-14,"American","http://en.wikipedia.org/wiki/Bob_Drake_(Formula_One)"
549,"bueb",1923-06-06,"British","http://en.wikipedia.org/wiki/Ivor_Bueb"
550,"Changy",1922-02-05,"Belgian","http://en.wikipedia.org/wiki/Alain_de_Changy"
551,"filippis",1926-11-11,"Italian","http://en.wikipedia.org/wiki/Maria_Teresa_de_Filippis"
552,"lucienbonnet",1923-01-07,"French","http://en.wikipedia.org/wiki/Jean_Lucienbonnet"
553,"testut",1926-04-13,"Monegasque","http://en.wikipedia.org/wiki/Andr%C3%A9_Testut"
554,"behra",1921-02-16,"French","http://en.wikipedia.org/wiki/Jean_Behra"
555,"paul_russo",1914-04-10,"American","http://en.wikipedia.org/wiki/Paul_Russo"
556,"daywalt",1924-08-28,"American","http://en.wikipedia.org/wiki/Jimmy_Daywalt"
557,"arnold",1926-05-30,"American","http://en.wikipedia.org/wiki/Chuck_Arnold"
558,"keller",1920-04-11,"American","http://en.wikipedia.org/wiki/Al_Keller"
559,"flaherty",1926-01-06,"American","http://en.wikipedia.org/wiki/Pat_Flaherty_(racing_driver)"
560,"cheesbourg",1927-06-12,"American","http://en.wikipedia.org/wiki/Bill_Cheesbourg"
561,"ray_crawford",1915-10-26,"American","http://en.wikipedia.org/wiki/Ray_Crawford"
562,"turner",1920-02-12,"American","http://en.wikipedia.org/wiki/Jack_Turner_(driver)"
563,"weyant",1923-04-03,"American","http://en.wikipedia.org/wiki/Chuck_Weyant"
564,"larson",1923-01-21,"American","http://en.wikipedia.org/wiki/Jud_Larson"
565,"magill",1920-02-08,"American","http://en.wikipedia.org/wiki/Mike_Magill"
566,"shelby",1923-01-11,"American","http://en.wikipedia.org/wiki/Carroll_Shelby"
567,"orey",1938-03-25,"Brazilian","http://en.wikipedia.org/wiki/Fritz_d%27Orey"
568,"fontes",1922-12-26,"Uruguayan","http://en.wikipedia.org/wiki/Azdrubal_Fontes"
569,"ashdown",1934-10-16,"British","http://en.wikipedia.org/wiki/Peter_Ashdown"
570,"bill_moss",1933-09-04,"British","http://en.wikipedia.org/wiki/Bill_Moss_(racing_driver)"
571,"dennis_taylor",1921-06-12,"British","http://en.wikipedia.org/wiki/Dennis_Taylor_(racing_driver)"
572,"blanchard",1929-06-13,"American","http://en.wikipedia.org/wiki/Harry_Blanchard"
573,"tomaso",1928-07-10,"Argentine-Italian","http://en.wikipedia.org/wiki/Alessandro_de_Tomaso"
574,"constantine",1918-02-22,"American","http://en.wikipedia.org/wiki/George_Constantine"
575,"said",1932-05-05,"American","http://en.wikipedia.org/wiki/Bob_Said"
576,"cade",1916-06-12,"American","http://en.wikipedia.org/wiki/Phil_Cade"
577,"musso",1924-07-28,"Italian","http://en.wikipedia.org/wiki/Luigi_Musso"
578,"hawthorn",1929-04-10,"British","http://en.wikipedia.org/wiki/Mike_Hawthorn"
579,"fangio",1911-06-24,"Argentine","http://en.wikipedia.org/wiki/Juan_Manuel_Fangio"
580,"godia",1921-03-21,"Spanish","http://en.wikipedia.org/wiki/Paco_Godia"
581,"collins",1931-11-06,"British","http://en.wikipedia.org/wiki/Peter_Collins_(racing_driver)"
582,"kavanagh",1923-12-12,"Australian","http://en.wikipedia.org/wiki/Ken_Kavanagh"
583,"gerini",1928-08-10,"Italian","http://en.wikipedia.org/wiki/Gerino_Gerini_(racing_driver)"
584,"kessler",1936-03-23,"American","http://en.wikipedia.org/wiki/Bruce_Kessler"
585,"emery",1916-11-12,"British","http://en.wikipedia.org/wiki/Paul_Emery"
586,"piotti",1913-10-27,"Italian","http://en.wikipedia.org/wiki/Luigi_Piotti"
587,"ecclestone",1930-10-28,"British","http://en.wikipedia.org/wiki/Bernie_Ecclestone"
588,"taramazzo",1932-05-05,"Italian","http://en.wikipedia.org/wiki/Luigi_Taramazzo"
589,"chiron",1899-08-03,"Monegasque","http://en.wikipedia.org/wiki/Louis_Chiron"
590,"lewis-evans",1930-04-20,"British","http://en.wikipedia.org/wiki/Stuart_Lewis-Evans"
591,"george_amick",1924-10-24,"American","http://en.wikipedia.org/wiki/George_Amick"
592,"reece",1929-11-17,"American","http://en.wikipedia.org/wiki/Jimmy_Reece"
593,"parsons",1918-07-04,"American","http://en.wikipedia.org/wiki/Johnnie_Parsons"
594,"tolan",1917-10-22,"American","http://en.wikipedia.org/wiki/Johnnie_Tolan"
595,"garrett",1933-04-24,"American","http://en.wikipedia.org/wiki/Billy_Garrett"
596,"elisian",1926-12-09,"American","http://en.wikipedia.org/wiki/Ed_Elisian"
597,"connor",1928-10-09,"American","http://en.wikipedia.org/wiki/Pat_O%27Connor_(auto_racer)"
598,"jerry_unser",1932-11-15,"American","http://en.wikipedia.org/wiki/Jerry_Unser"
599,"bisch",1926-11-10,"American","http://en.wikipedia.org/wiki/Art_Bisch"
600,"goethals",1928-08-04,"Belgian","http://en.wikipedia.org/wiki/Christian_Goethals"
601,"gibson",1918-04-16,"British","http://en.wikipedia.org/wiki/Dick_Gibson"
602,"la_caze",1917-02-26,"French","http://en.wikipedia.org/wiki/Robert_La_Caze"
603,"guelfi",1919-05-06,"French","http://en.wikipedia.org/wiki/Andr%C3%A9_Guelfi"
604,"picard",1921-04-26,"French","http://en.wikipedia.org/wiki/Fran%C3%A7ois_Picard"
605,"bridger",1934-06-24,"British","http://en.wikipedia.org/wiki/Tom_Bridger"
606,"portago",1928-10-11,"Spanish","http://en.wikipedia.org/wiki/Alfonso_de_Portago"
607,"perdisa",1932-10-21,"Italian","http://en.wikipedia.org/wiki/Cesare_Perdisa"
608,"castellotti",1930-10-10,"Italian","http://en.wikipedia.org/wiki/Eugenio_Castellotti"
609,"simon",1920-01-05,"French","http://en.wikipedia.org/wiki/Andr%C3%A9_Simon_(racing_driver)"
610,"leston",1920-12-16,"British","http://en.wikipedia.org/wiki/Les_Leston"
611,"hanks",1914-07-13,"American","http://en.wikipedia.org/wiki/Sam_Hanks"
612,"linden",1922-04-05,"American","http://en.wikipedia.org/wiki/Andy_Linden_(racing_driver)"
613,"teague",1921-02-22,"American","http://en.wikipedia.org/wiki/Marshall_Teague"
614,"edmunds",1930-09-23,"American","http://en.wikipedia.org/wiki/Don_Edmunds"
615,"agabashian",1913-08-21,"American","http://en.wikipedia.org/wiki/Fred_Agabashian"
616,"george",1928-07-15,"American","http://en.wikipedia.org/wiki/Elmer_George"
617,"macdowel",1932-09-13,"British","http://en.wikipedia.org/wiki/Mike_MacDowel"
618,"mackay-fraser",1927-06-23,"American","http://en.wikipedia.org/wiki/Herbert_MacKay-Fraser"
619,"gerard",1914-01-19,"British","http://en.wikipedia.org/wiki/Bob_Gerard"
620,"maglioli",1928-06-05,"Italian","http://en.wikipedia.org/wiki/Umberto_Maglioli"
621,"england",1929-03-28,"Australian","http://en.wikipedia.org/wiki/Paul_England"
622,"landi",1907-07-14,"Brazilian","http://en.wikipedia.org/wiki/Chico_Landi"
623,"uria",1924-07-11,"Uruguayan","http://en.wikipedia.org/wiki/Alberto_Uria"
624,"ramos",1925-12-07,"Brazilian","http://en.wikipedia.org/wiki/Hernando_da_Silva_Ramos"
625,"bayol",1914-02-28,"French","http://en.wikipedia.org/wiki/%C3%89lie_Bayol"
626,"manzon",1917-04-12,"French","http://en.wikipedia.org/wiki/Robert_Manzon"
627,"rosier",1905-11-05,"French","http://en.wikipedia.org/wiki/Louis_Rosier"
628,"sweikert",1926-05-20,"American","http://en.wikipedia.org/wiki/Bob_Sweikert"
629,"griffith",1916-02-06,"American","http://en.wikipedia.org/wiki/Cliff_Griffith"
630,"dinsmore",1913-04-10,"American","http://en.wikipedia.org/wiki/Duke_Dinsmore"
631,"andrews",1920-06-15,"American","http://en.wikipedia.org/wiki/Keith_Andrews_(driver)"
632,"frere",1917-01-30,"Belgian","http://en.wikipedia.org/wiki/Paul_Fr%C3%A8re"
633,"villoresi",1909-05-16,"Italian","http://en.wikipedia.org/wiki/Luigi_Villoresi"
634,"scotti",1909-11-11,"Italian","http://en.wikipedia.org/wiki/Piero_Scotti"
635,"chapman",1928-05-19,"British","http://en.wikipedia.org/wiki/Colin_Chapman"
636,"titterington",1928-05-01,"British","http://en.wikipedia.org/wiki/Desmond_Titterington"
637,"scott_Brown",1927-05-13,"British","http://en.wikipedia.org/wiki/Archie_Scott_Brown"
638,"volonterio",1917-12-07,"Swiss","http://en.wikipedia.org/wiki/Ottorino_Volonterio"
639,"milhoux",1928-12-09,"Belgian","http://en.wikipedia.org/wiki/Andr%C3%A9_Milhoux"
640,"graffenried",1914-05-18,"Swiss","http://en.wikipedia.org/wiki/Toulo_de_Graffenried"
641,"taruffi",1906-10-12,"Italian","http://en.wikipedia.org/wiki/Piero_Taruffi"
642,"farina",1906-10-30,"Italian","http://en.wikipedia.org/wiki/Nino_Farina"
643,"mieres",1924-12-03,"Argentine","http://en.wikipedia.org/wiki/Roberto_Mieres"
644,"mantovani",1929-05-22,"Italian","http://en.wikipedia.org/wiki/Sergio_Mantovani"
645,"bucci",1920-09-04,"Argentine","http://en.wikipedia.org/wiki/Clemar_Bucci"
646,"iglesias",1922-02-22,"Argentine","http://en.wikipedia.org/wiki/Jes%C3%BAs_Iglesias"
647,"ascari",1918-07-13,"Italian","http://en.wikipedia.org/wiki/Alberto_Ascari"
648,"kling",1910-09-16,"German","http://en.wikipedia.org/wiki/Karl_Kling"
649,"birger",1924-01-07,"Argentine","http://en.wikipedia.org/wiki/Pablo_Birger"
650,"pollet",1922-07-02,"French","http://en.wikipedia.org/wiki/Jacques_Pollet"
651,"macklin",1919-09-02,"British","http://en.wikipedia.org/wiki/Lance_Macklin"
652,"whiteaway",1928-11-01,"British","http://en.wikipedia.org/wiki/Ted_Whiteaway"
653,"davies",1929-08-08,"American","http://en.wikipedia.org/wiki/Jimmy_Davies"
654,"faulkner",1920-02-16,"American","http://en.wikipedia.org/wiki/Walt_Faulkner"
655,"niday",1914-04-29,"American","http://en.wikipedia.org/wiki/Cal_Niday"
656,"cross",1918-01-24,"American","http://en.wikipedia.org/wiki/Art_Cross"
657,"vukovich",1918-12-13,"American","http://en.wikipedia.org/wiki/Bill_Vukovich"
658,"mcgrath",1919-10-08,"American","http://en.wikipedia.org/wiki/Jack_McGrath_(racing_driver)"
659,"hoyt",1929-01-29,"American","http://en.wikipedia.org/wiki/Jerry_Hoyt"
660,"claes",1916-08-11,"Belgian","http://en.wikipedia.org/wiki/Johnny_Claes"
661,"peter_walker",1912-10-07,"British","http://en.wikipedia.org/wiki/Peter_Walker_(driver)"
662,"sparken",1930-06-16,"French","http://en.wikipedia.org/wiki/Mike_Sparken"
663,"wharton",1916-03-21,"British","http://en.wikipedia.org/wiki/Ken_Wharton"
664,"mcalpine",1920-09-21,"British","http://en.wikipedia.org/wiki/Kenneth_McAlpine"
665,"marr",1922-08-14,"British","http://en.wikipedia.org/wiki/Leslie_Marr"
666,"rolt",1918-10-16,"British","http://en.wikipedia.org/wiki/Tony_Rolt"
667,"fitch",1917-08-04,"American","http://en.wikipedia.org/wiki/John_Fitch_(driver)"
668,"lucas",1917-04-25,"French","http://en.wikipedia.org/wiki/Jean_Lucas"
669,"bira",1914-07-15,"Thai","http://en.wikipedia.org/wiki/Prince_Bira"
670,"marimon",1923-12-19,"Argentine","http://en.wikipedia.org/wiki/Onofre_Marim%C3%B3n"
671,"loyer",1907-08-05,"French","http://en.wikipedia.org/wiki/Roger_Loyer"
672,"daponte",1923-06-05,"Argentine","http://en.wikipedia.org/wiki/Jorge_Daponte"
673,"nazaruk",1921-10-02,"American","http://en.wikipedia.org/wiki/Mike_Nazaruk"
674,"crockett",1926-10-23,"American","http://en.wikipedia.org/wiki/Larry_Crockett"
675,"ayulo",1921-10-20,"American","http://en.wikipedia.org/wiki/Manny_Ayulo"
676,"armi",1918-10-12,"American","http://en.wikipedia.org/wiki/Frank_Armi"
677,"webb",1910-10-08,"American","http://en.wikipedia.org/wiki/Travis_Webb"
678,"duncan",1911-07-25,"American","http://en.wikipedia.org/wiki/Len_Duncan"
679,"mccoy",1921-02-19,"American","http://en.wikipedia.org/wiki/Ernie_McCoy"
680,"swaters",1926-10-30,"American","http://en.wikipedia.org/wiki/Jacques_Swaters"
681,"georges_berger",1918-09-14,"Belgian","http://en.wikipedia.org/wiki/Georges_Berger"
682,"beauman",1928-07-26,"British","http://en.wikipedia.org/wiki/Don_Beauman"
683,"thorne",1916-06-23,"British","http://en.wikipedia.org/wiki/Leslie_Thorne"
684,"whitehouse",1909-04-01,"British","http://en.wikipedia.org/wiki/Bill_Whitehouse"
685,"riseley_prichard",1924-01-17,"British","http://en.wikipedia.org/wiki/John_Riseley-Prichard"
686,"reg_parnell",1911-07-02,"British","http://en.wikipedia.org/wiki/Reg_Parnell"
687,"whitehead",1914-11-12,"British","http://en.wikipedia.org/wiki/Peter_Whitehead_(racing_driver)"
688,"brandon",1920-07-18,"British","http://en.wikipedia.org/wiki/Eric_Brandon"
689,"alan_brown",1919-11-20,"British","http://en.wikipedia.org/wiki/Alan_Brown_(racing_driver)"
690,"nuckey",1929-06-26,"British","http://en.wikipedia.org/wiki/Rodney_Nuckey"
691,"lang",1909-04-06,"German","http://en.wikipedia.org/wiki/Hermann_Lang"
692,"helfrich",1913-05-13,"German","http://en.wikipedia.org/wiki/Theo_Helfrich"
693,"wacker",1918-07-10,"American","http://en.wikipedia.org/wiki/Fred_Wacker"
694,"riu",1925-03-10,"Italian","http://en.wikipedia.org/wiki/Giovanni_de_Riu"
695,"galvez",1913-08-17,"Argentine","http://en.wikipedia.org/wiki/%C3%93scar_Alfredo_G%C3%A1lvez"
696,"john_barber",1929-07-22,"British","http://en.wikipedia.org/wiki/John_Barber_(racing_driver)"
697,"bonetto",1903-06-09,"Italian","http://en.wikipedia.org/wiki/Felice_Bonetto"
698,"cruz",1923-06-28,"Argentine","http://en.wikipedia.org/wiki/Adolfo_Schewelm_Cruz"
699,"nalon",1913-03-02,"American","http://en.wikipedia.org/wiki/Duke_Nalon"
700,"scarborough",1914-07-03,"American","http://en.wikipedia.org/wiki/Carl_Scarborough"
701,"holland",1907-12-18,"American","http://en.wikipedia.org/wiki/Bill_Holland"
702,"bob_scott",1928-10-04,"American","http://en.wikipedia.org/wiki/Bob_Scott_(auto_racer)"
703,"legat",1898-11-01,"Belgian","http://en.wikipedia.org/wiki/Arthur_Legat"
704,"cabantous",1904-10-08,"French","http://en.wikipedia.org/wiki/Yves_Giraud_Cabantous"
705,"crook",1920-02-16,"British","http://en.wikipedia.org/wiki/Tony_Crook"
706,"jimmy_stewart",1931-03-06,"British","http://en.wikipedia.org/wiki/Jimmy_Stewart_(racing_driver)"
707,"ian_stewart",1929-07-15,"British","http://en.wikipedia.org/wiki/Ian_Stewart_(racing_driver)"
708,"duncan_hamilton",1920-04-30,"British","http://en.wikipedia.org/wiki/Duncan_Hamilton_(racing_driver)"
709,"klodwig",1903-05-23,"East German","http://en.wikipedia.org/wiki/Ernst_Klodwig"
710,"krause",1907-03-30,"East German","http://en.wikipedia.org/wiki/Rudolf_Krause"
711,"karch",1917-03-06,"German","http://en.wikipedia.org/wiki/Oswald_Karch"
712,"heeks",1922-02-13,"German","http://en.wikipedia.org/wiki/Willi_Heeks"
713,"fitzau",1923-02-10,"East German","http://en.wikipedia.org/wiki/Theo_Fitzau"
714,"adolff",1921-11-05,"German","http://en.wikipedia.org/wiki/Kurt_Adolff"
715,"bechem",1921-12-21,"German","http://en.wikipedia.org/wiki/G%C3%BCnther_Bechem"
716,"bauer",1912-07-17,"German","http://en.wikipedia.org/wiki/Erwin_Bauer"
717,"hans_stuck",1900-12-27,"German","http://en.wikipedia.org/wiki/Hans_Von_Stuck"
718,"loof",1907-07-04,"German","http://en.wikipedia.org/wiki/Ernst_Loof"
719,"scherrer",1908-02-28,"Swiss","http://en.wikipedia.org/wiki/Albert_Scherrer"
720,"terra",1918-10-06,"Swiss","http://en.wikipedia.org/wiki/Max_de_Terra"
721,"hirt",1910-03-30,"Swiss","http://en.wikipedia.org/wiki/Peter_Hirt"
722,"carini",1921-03-06,"Italian","http://en.wikipedia.org/wiki/Piero_Carini"
723,"fischer",1912-04-19,"Swiss","http://en.wikipedia.org/wiki/Rudi_Fischer"
724,"ulmen",1906-01-25,"German","http://en.wikipedia.org/wiki/Toni_Ulmen"
725,"abecassis",1913-03-21,"British","http://en.wikipedia.org/wiki/George_Abecassis"
726,"george_connor",1906-08-16,"American","http://en.wikipedia.org/wiki/George_Connor_(driver)"
727,"rigsby",1923-06-06,"American","http://en.wikipedia.org/wiki/Jim_Rigsby"
728,"james",1925-05-23,"American","http://en.wikipedia.org/wiki/Joe_James_(racing_driver)"
729,"schindler",1909-03-06,"American","http://en.wikipedia.org/wiki/Bill_Schindler"
730,"fonder",1917-06-22,"American","http://en.wikipedia.org/wiki/George_Fonder"
731,"banks",1913-06-14,"American","http://en.wikipedia.org/wiki/Henry_Banks"
732,"mcdowell",1915-01-29,"American","http://en.wikipedia.org/wiki/Johnny_McDowell"
733,"miller",1902-07-19,"American","http://en.wikipedia.org/wiki/Chet_Miller"
734,"ball",1925-08-26,"American","http://en.wikipedia.org/wiki/Bobby_Ball_(auto_racer)"
735,"tornaco",1927-06-07,"Belgian","http://en.wikipedia.org/wiki/Charles_de_Tornaco"
736,"laurent",1913-02-21,"Belgian","http://en.wikipedia.org/wiki/Roger_Laurent"
737,"obrien",1908-04-11,"American","http://en.wikipedia.org/wiki/Robert_O%27Brien_(auto_racer)"
738,"gaze",1920-02-03,"Australian","http://en.wikipedia.org/wiki/Tony_Gaze"
739,"charrington",1915-06-23,"British","http://en.wikipedia.org/wiki/Robin_Montgomerie-Charrington"
740,"comotti",1906-07-24,"Italian","http://en.wikipedia.org/wiki/Franco_Comotti"
741,"etancelin",1896-12-28,"French","http://en.wikipedia.org/wiki/Philippe_%C3%89tancelin"
742,"poore",1916-08-19,"British","http://en.wikipedia.org/wiki/Dennis_Poore"
743,"thompson",1919-11-04,"British","http://en.wikipedia.org/wiki/Eric_Thompson_(racing_driver)"
744,"downing",1917-12-05,"British","http://en.wikipedia.org/wiki/Ken_Downing"
745,"graham_whitehead",1922-04-15,"British","http://en.wikipedia.org/wiki/Graham_Whitehead"
746,"bianco",1916-07-22,"Brazilian","http://en.wikipedia.org/wiki/Gino_Bianco"
747,"murray",1909-12-28,"British","http://en.wikipedia.org/wiki/David_Murray_(driver)"
748,"cantoni",1906-10-04,"Uruguayan","http://en.wikipedia.org/wiki/Eitel_Cantoni"
749,"aston",1900-03-29,"British","http://en.wikipedia.org/wiki/Bill_Aston"
750,"brudes",1899-10-15,"German","http://en.wikipedia.org/wiki/Adolf_Brudes"
751,"riess",1922-07-11,"German","http://en.wikipedia.org/wiki/Fritz_Riess"
752,"niedermayr",1915-11-29,"German","http://en.wikipedia.org/wiki/Helmut_Niedermayr"
753,"klenk",1919-10-28,"German","http://en.wikipedia.org/wiki/Hans_Klenk"
754,"balsa",1909-01-01,"French","http://en.wikipedia.org/wiki/Marcel_Balsa"
755,"schoeller",1902-04-27,"Swiss","http://en.wikipedia.org/wiki/Rudolf_Schoeller"
756,"pietsch",1911-06-20,"German","http://en.wikipedia.org/wiki/Paul_Pietsch"
757,"peters",1914-09-16,"German","http://en.wikipedia.org/wiki/Josef_Peters_(driver)"
758,"lof",1919-08-23,"Dutch","http://en.wikipedia.org/wiki/Dries_van_der_Lof"
759,"flinterman",1919-10-02,"Dutch","http://en.wikipedia.org/wiki/Jan_Flinterman"
760,"dusio",1899-10-13,"Italian","http://en.wikipedia.org/wiki/Piero_Dusio"
761,"crespo",1920-01-16,"Argentine","http://en.wikipedia.org/wiki/Alberto_Crespo"
762,"rol",1908-06-05,"Italian","http://en.wikipedia.org/wiki/Franco_Rol"
763,"sanesi",1911-03-28,"Italian","http://en.wikipedia.org/wiki/Consalvo_Sanesi"
764,"guy_mairesse",1910-08-10,"French","http://en.wikipedia.org/wiki/Guy_Mairesse"
765,"louveau",1910-01-25,"French","http://en.wikipedia.org/wiki/Henri_Louveau"
766,"wallard",1910-09-07,"American","http://en.wikipedia.org/wiki/Lee_Wallard"
767,"forberg",1911-03-04,"American","http://en.wikipedia.org/wiki/Carl_Forberg"
768,"rose",1906-05-26,"American","http://en.wikipedia.org/wiki/Mauri_Rose"
769,"mackey",1927-12-15,"American","http://en.wikipedia.org/wiki/Bill_Mackey"
770,"green",1919-09-30,"American","http://en.wikipedia.org/wiki/Cecil_Green"
771,"walt_brown",1911-12-30,"American","http://en.wikipedia.org/wiki/Walt_Brown_(auto_racer)"
772,"hellings",1915-09-14,"American","http://en.wikipedia.org/wiki/Mack_Hellings"
773,"levegh",1905-12-22,"French","http://en.wikipedia.org/wiki/Pierre_Levegh"
774,"chaboud",1907-04-12,"French","http://en.wikipedia.org/wiki/Eug%C3%A8ne_Chaboud"
775,"gordini",1921-05-20,"French","http://en.wikipedia.org/wiki/Aldo_Gordini"
776,"kelly",1913-03-13,"Irish","http://en.wikipedia.org/wiki/Joe_Kelly_(Formula_One)"
777,"parker",1907-09-22,"British","http://en.wikipedia.org/wiki/Philip_Fotheringham-Parker"
778,"shawe_taylor",1915-01-28,"British","http://en.wikipedia.org/wiki/Brian_Shawe_Taylor"
779,"john_james",1914-05-10,"British","http://en.wikipedia.org/wiki/John_James_(auto_racer)"
780,"branca",1916-09-15,"Swiss","http://en.wikipedia.org/wiki/Toni_Branca"
781,"richardson",1911-08-21,"British","http://en.wikipedia.org/wiki/Ken_Richardson_(race_car_driver)"
782,"jover",1903-11-23,"Spanish","http://en.wikipedia.org/wiki/Juan_Jover"
783,"grignard",1905-07-25,"French","http://en.wikipedia.org/wiki/Georges_Grignard"
784,"hampshire",1917-12-29,"British","http://en.wikipedia.org/wiki/David_Hampshire"
785,"crossley",1921-05-11,"British","http://en.wikipedia.org/wiki/Geoff_Crossley"
786,"fagioli",1898-06-09,"Italian","http://en.wikipedia.org/wiki/Luigi_Fagioli"
787,"harrison",1906-07-06,"British","http://en.wikipedia.org/wiki/Cuth_Harrison"
788,"fry",1915-10-26,"British","http://en.wikipedia.org/wiki/Joe_Fry"
789,"martin",1915-03-24,"French","http://en.wikipedia.org/wiki/Eug%C3%A8ne_Martin"
790,"leslie_johnson",1912-03-22,"British","http://en.wikipedia.org/wiki/Leslie_Johnson_(racing_driver)"
791,"biondetti",1898-10-18,"Italian","http://en.wikipedia.org/wiki/Clemente_Biondetti"
792,"pian",1912-10-21,"Argentine","http://en.wikipedia.org/wiki/Alfredo_Pi%C3%A0n"
793,"sommer",1906-08-31,"French","http://en.wikipedia.org/wiki/Raymond_Sommer"
794,"chitwood",1912-04-14,"American","http://en.wikipedia.org/wiki/Joie_Chitwood"
795,"fohr",1912-06-17,"American","http://en.wikipedia.org/wiki/Myron_Fohr"
796,"ader",1913-12-15,"American","http://en.wikipedia.org/wiki/Walt_Ader"
797,"holmes",1920-09-04,"American","http://en.wikipedia.org/wiki/Jackie_Holmes"
798,"levrett",1914-02-14,"American","http://en.wikipedia.org/wiki/Bayliss_Levrett"
799,"jackson",1910-07-25,"American","http://en.wikipedia.org/wiki/Jimmy_Jackson_(driver)"
800,"pagani",1911-10-11,"Italian","http://en.wikipedia.org/wiki/Nello_Pagani"
801,"pozzi",1909-08-27,"French","http://en.wikipedia.org/wiki/Charles_Pozzi"
802,"serafini",1909-07-22,"Italian","http://en.wikipedia.org/wiki/Dorino_Serafini"
803,"cantrell",1908-01-31,"American","http://en.wikipedia.org/wiki/William_Cantrell"
804,"mantz",1918-09-18,"American","http://en.wikipedia.org/wiki/Johnny_Mantz"
805,"kladis",1917-02-10,"American","http://en.wikipedia.org/wiki/Danny_Kladis"
806,"oscar_gonzalez",1923-11-10,"Uruguayan","http://en.wikipedia.org/wiki/Oscar_Gonz%C3%A1lez_(racing_driver)"
807,"hulkenberg",1987-08-19,"German","http://en.wikipedia.org/wiki/Nico_H%C3%BClkenberg"
808,"petrov",1984-09-08,"Russian","http://en.wikipedia.org/wiki/Vitaly_Petrov"
810,"grassi",1984-08-11,"Brazilian","http://en.wikipedia.org/wiki/Lucas_di_Grassi"
811,"bruno_senna",1983-10-15,"Brazilian","http://en.wikipedia.org/wiki/Bruno_Senna"
812,"chandhok",1984-01-19,"Indian","http://en.wikipedia.org/wiki/Karun_Chandhok"
813,"maldonado",1985-03-09,"Venezuelan","http://en.wikipedia.org/wiki/Pastor_Maldonado"
814,"resta",1986-04-16,"British","http://en.wikipedia.org/wiki/Paul_di_Resta"
815,"perez",1990-01-26,"Mexican","http://en.wikipedia.org/wiki/Sergio_P%C3%A9rez"
816,"ambrosio",1985-12-27,"Belgian","http://en.wikipedia.org/wiki/J%C3%A9r%C3%B4me_d%27Ambrosio"
817,"ricciardo",1989-07-01,"Australian","http://en.wikipedia.org/wiki/Daniel_Ricciardo"
818,"vergne",1990-04-25,"French","http://en.wikipedia.org/wiki/Jean-%C3%89ric_Vergne"
819,"pic",1990-02-15,"French","http://en.wikipedia.org/wiki/Charles_Pic"
820,"chilton",1991-04-21,"British","http://en.wikipedia.org/wiki/Max_Chilton"
821,"gutierrez",1991-08-05,"Mexican","http://en.wikipedia.org/wiki/Esteban_Guti%C3%A9rrez"
822,"bottas",1989-08-28,"Finnish","http://en.wikipedia.org/wiki/Valtteri_Bottas"
823,"garde",1985-04-25,"Dutch","http://en.wikipedia.org/wiki/Giedo_van_der_Garde"
824,"jules_bianchi",1989-08-03,"French","http://en.wikipedia.org/wiki/Jules_Bianchi"
825,"kevin_magnussen",1992-10-05,"Danish","http://en.wikipedia.org/wiki/Kevin_Magnussen"
826,"kvyat",1994-04-26,"Russian","http://en.wikipedia.org/wiki/Daniil_Kvyat"
827,"lotterer",1981-11-19,"German","http://en.wikipedia.org/wiki/Andr%C3%A9_Lotterer"
828,"ericsson",1990-09-02,"Swedish","http://en.wikipedia.org/wiki/Marcus_Ericsson"
829,"stevens",1991-06-28,"British","http://en.wikipedia.org/wiki/Will_Stevens"
830,"max_verstappen",1997-09-30,"Dutch","http://en.wikipedia.org/wiki/Max_Verstappen"
831,"nasr",1992-08-21,"Brazilian","http://en.wikipedia.org/wiki/Felipe_Nasr"
832,"sainz",1994-09-01,"Spanish","http://en.wikipedia.org/wiki/Carlos_Sainz_Jr."
833,"merhi",1991-03-22,"Spanish","http://en.wikipedia.org/wiki/Roberto_Merhi"
834,"rossi",1991-09-25,"American","http://en.wikipedia.org/wiki/Alexander_Rossi_%28racing_driver%29"
835,"jolyon_palmer",1991-01-20,"British","http://en.wikipedia.org/wiki/Jolyon_Palmer"
836,"wehrlein",1994-10-18,"German","http://en.wikipedia.org/wiki/Pascal_Wehrlein"
837,"haryanto",1993-01-22,"Indonesian","http://en.wikipedia.org/wiki/Rio_Haryanto"
838,"vandoorne",1992-03-26,"Belgian","http://en.wikipedia.org/wiki/Stoffel_Vandoorne"
839,"ocon",1996-09-17,"French","http://en.wikipedia.org/wiki/Esteban_Ocon"
840,"stroll",1998-10-29,"Canadian","http://en.wikipedia.org/wiki/Lance_Stroll"
841,"giovinazzi",1993-12-14,"Italian","http://en.wikipedia.org/wiki/Antonio_Giovinazzi"
843,"brendon_hartley",1989-11-10,"New Zealander","http://en.wikipedia.org/wiki/Brendon_Hartley"
